City,location,Value
Agra,Industrial Area,181
Agra,Industrial Area,196
Agra,Industrial Area,183
Agra,Industrial Area,143
Agra,Industrial Area,199
Agra,Industrial Area,223
Agra,Industrial Area,165
Agra,Industrial Area,239
Agra,"Residential, Rural and other Areas",260
Agra,"Residential, Rural and other Areas",201
Agra,"Residential, Rural and other Areas",20
Agra,"Residential, Rural and other Areas",180
Agra,"Residential, Rural and other Areas",268
Agra,"Residential, Rural and other Areas",103
Agra,"Residential, Rural and other Areas",184
Gajraula,Industrial Area,93
Gajraula,Industrial Area,103
Gajraula,Industrial Area,82
Gajraula,Industrial Area,87
Gajraula,Industrial Area,95
Gajraula,Industrial Area,97
Gajraula,Industrial Area,94
Gajraula,Industrial Area,89
Gajraula,"Residential, Rural and other Areas",97
Gajraula,"Residential, Rural and other Areas",72
Gajraula,"Residential, Rural and other Areas",84
Gajraula,"Residential, Rural and other Areas",102
Gajraula,"Residential, Rural and other Areas",85
Gajraula,"Residential, Rural and other Areas",90
Gajraula,"Residential, Rural and other Areas",74
Gorakhpur,Industrial Area,56
Gorakhpur,Industrial Area,59
Gorakhpur,Industrial Area,60
Gorakhpur,Industrial Area,88
Gorakhpur,Industrial Area,77
Gorakhpur,Industrial Area,82
Gorakhpur,Industrial Area,68
Gorakhpur,Industrial Area,64
Gorakhpur,"Residential, Rural and other Areas",39
Gorakhpur,"Residential, Rural and other Areas",46
Gorakhpur,"Residential, Rural and other Areas",56
Gorakhpur,"Residential, Rural and other Areas",59
Gorakhpur,"Residential, Rural and other Areas",60
Gorakhpur,"Residential, Rural and other Areas",91
Gorakhpur,"Residential, Rural and other Areas",86
Khurja,Industrial Area,173
Khurja,Industrial Area,177
Khurja,Industrial Area,168
Khurja,Industrial Area,162
Khurja,Industrial Area,177
Khurja,Industrial Area,172
Khurja,Industrial Area,173
Khurja,Industrial Area,178
Khurja,"Residential, Rural and other Areas",162
Khurja,"Residential, Rural and other Areas",146
Khurja,"Residential, Rural and other Areas",153
Khurja,"Residential, Rural and other Areas",140
Khurja,"Residential, Rural and other Areas",159
Khurja,"Residential, Rural and other Areas",153
Khurja,"Residential, Rural and other Areas",145
Rai Bareilly,Industrial Area,198.1
Rai Bareilly,Industrial Area,211.3
Rai Bareilly,Industrial Area,172.9
Rai Bareilly,Industrial Area,79.9
Rai Bareilly,Industrial Area,207
Rai Bareilly,Industrial Area,195
Rai Bareilly,Industrial Area,110.7
Rai Bareilly,Industrial Area,106.3
Rai Bareilly,"Residential, Rural and other Areas",163
Rai Bareilly,"Residential, Rural and other Areas",141
Rai Bareilly,"Residential, Rural and other Areas",94.4
Rai Bareilly,"Residential, Rural and other Areas",76.9
Rai Bareilly,"Residential, Rural and other Areas",95.6
Rai Bareilly,"Residential, Rural and other Areas",186
Rai Bareilly,"Residential, Rural and other Areas",87.6
Unnao,Industrial Area,147
Unnao,Industrial Area,107
Unnao,Industrial Area,133
Unnao,Industrial Area,131
Unnao,Industrial Area,160
Unnao,Industrial Area,147
Unnao,Industrial Area,137
Unnao,Industrial Area,137
Unnao,"Residential, Rural and other Areas",107
Unnao,"Residential, Rural and other Areas",154
Unnao,"Residential, Rural and other Areas",153
Unnao,"Residential, Rural and other Areas",156
Unnao,"Residential, Rural and other Areas",99
Unnao,"Residential, Rural and other Areas",111
Unnao,"Residential, Rural and other Areas",167