NO-tiers,Location,Value
Tier 1: Low NO2,Residential,174.4433
Tier 1: Low NO2,Residential,159
Tier 1: Low NO2,Residential,203
Tier 1: Low NO2,Residential,134
Tier 1: Low NO2,Residential,31
Tier 1: Low NO2,Residential,112
Tier 1: Low NO2,Residential,152
Tier 1: Low NO2,Residential,85
Tier 1: Low NO2,Residential,113
Tier 1: Low NO2,Residential,141
Tier 1: Low NO2,Residential,146
Tier 1: Low NO2,Residential,88
Tier 1: Low NO2,Residential,76
Tier 1: Low NO2,Residential,77
Tier 1: Low NO2,Residential,127
Tier 1: Low NO2,Industrial,168
Tier 1: Low NO2,Industrial,171
Tier 1: Low NO2,Industrial,170
Tier 1: Low NO2,Industrial,199
Tier 1: Low NO2,Industrial,162.1
Tier 1: Low NO2,Industrial,103.4
Tier 1: Low NO2,Industrial,229
Tier 1: Low NO2,Industrial,173.8
Tier 1: Low NO2,Industrial,103.6
Tier 1: Low NO2,Industrial,231
Tier 1: Low NO2,Industrial,94
Tier 1: Low NO2,Industrial,178
Tier 1: Low NO2,Industrial,141
Tier 1: Low NO2,Industrial,79.9
Tier 1: Low NO2,Industrial,216.5
Tier 1: Low NO2,Sensitive,69
Tier 1: Low NO2,Sensitive,130
Tier 1: Low NO2,Sensitive,39
Tier 1: Low NO2,Sensitive,26
Tier 1: Low NO2,Sensitive,44
Tier 1: Low NO2,Sensitive,69
Tier 1: Low NO2,Sensitive,130
Tier 1: Low NO2,Sensitive,136
Tier 1: Low NO2,Sensitive,146
Tier 1: Low NO2,Sensitive,98
Tier 1: Low NO2,Sensitive,94
Tier 1: Low NO2,Sensitive,40
Tier 1: Low NO2,Sensitive,147
Tier 1: Low NO2,Sensitive,35
Tier 1: Low NO2,Sensitive,68
Tier 2: Med-Low NO2,Residential,159
Tier 2: Med-Low NO2,Residential,190.29
Tier 2: Med-Low NO2,Residential,255.5767
Tier 2: Med-Low NO2,Residential,83
Tier 2: Med-Low NO2,Residential,116
Tier 2: Med-Low NO2,Residential,204
Tier 2: Med-Low NO2,Residential,138
Tier 2: Med-Low NO2,Residential,90
Tier 2: Med-Low NO2,Residential,281
Tier 2: Med-Low NO2,Residential,157
Tier 2: Med-Low NO2,Residential,40
Tier 2: Med-Low NO2,Residential,126
Tier 2: Med-Low NO2,Residential,163
Tier 2: Med-Low NO2,Residential,134
Tier 2: Med-Low NO2,Residential,203
Tier 2: Med-Low NO2,Industrial,164
Tier 2: Med-Low NO2,Industrial,175
Tier 2: Med-Low NO2,Industrial,154
Tier 2: Med-Low NO2,Industrial,136
Tier 2: Med-Low NO2,Industrial,195
Tier 2: Med-Low NO2,Industrial,162
Tier 2: Med-Low NO2,Industrial,140
Tier 2: Med-Low NO2,Industrial,182
Tier 2: Med-Low NO2,Industrial,225
Tier 2: Med-Low NO2,Industrial,100
Tier 2: Med-Low NO2,Industrial,198
Tier 2: Med-Low NO2,Industrial,146
Tier 2: Med-Low NO2,Industrial,107
Tier 2: Med-Low NO2,Industrial,140
Tier 2: Med-Low NO2,Industrial,197
Tier 2: Med-Low NO2,Sensitive,94
Tier 2: Med-Low NO2,Sensitive,43
Tier 2: Med-Low NO2,Sensitive,107
Tier 2: Med-Low NO2,Sensitive,359
Tier 2: Med-Low NO2,Sensitive,71
Tier 2: Med-Low NO2,Sensitive,122
Tier 2: Med-Low NO2,Sensitive,273
Tier 2: Med-Low NO2,Sensitive,268
Tier 2: Med-Low NO2,Sensitive,224
Tier 2: Med-Low NO2,Sensitive,72
Tier 2: Med-Low NO2,Sensitive,140
Tier 2: Med-Low NO2,Sensitive,159
Tier 2: Med-Low NO2,Sensitive,195
Tier 2: Med-Low NO2,Sensitive,145
Tier 2: Med-Low NO2,Sensitive,55
Tier 3: Med-High NO2,Residential,215
Tier 3: Med-High NO2,Residential,201
Tier 3: Med-High NO2,Residential,211
Tier 3: Med-High NO2,Residential,209
Tier 3: Med-High NO2,Residential,225
Tier 3: Med-High NO2,Residential,170
Tier 3: Med-High NO2,Residential,157
Tier 3: Med-High NO2,Residential,203
Tier 3: Med-High NO2,Residential,112
Tier 3: Med-High NO2,Residential,189
Tier 3: Med-High NO2,Residential,208
Tier 3: Med-High NO2,Residential,196
Tier 3: Med-High NO2,Residential,115
Tier 3: Med-High NO2,Residential,131
Tier 3: Med-High NO2,Residential,161.1133
Tier 3: Med-High NO2,Industrial,154
Tier 3: Med-High NO2,Industrial,206
Tier 3: Med-High NO2,Industrial,205
Tier 3: Med-High NO2,Industrial,60
Tier 3: Med-High NO2,Industrial,160
Tier 3: Med-High NO2,Industrial,147
Tier 3: Med-High NO2,Industrial,168
Tier 3: Med-High NO2,Industrial,194
Tier 3: Med-High NO2,Industrial,144
Tier 3: Med-High NO2,Industrial,162
Tier 3: Med-High NO2,Industrial,173
Tier 3: Med-High NO2,Industrial,179
Tier 3: Med-High NO2,Industrial,142
Tier 3: Med-High NO2,Industrial,220
Tier 3: Med-High NO2,Industrial,142
Tier 3: Med-High NO2,Sensitive,185
Tier 3: Med-High NO2,Sensitive,62
Tier 3: Med-High NO2,Sensitive,207
Tier 3: Med-High NO2,Sensitive,458
Tier 3: Med-High NO2,Sensitive,307
Tier 3: Med-High NO2,Sensitive,244
Tier 3: Med-High NO2,Sensitive,209
Tier 3: Med-High NO2,Sensitive,193
Tier 3: Med-High NO2,Sensitive,187
Tier 3: Med-High NO2,Sensitive,283
Tier 3: Med-High NO2,Sensitive,413
Tier 3: Med-High NO2,Sensitive,178
Tier 3: Med-High NO2,Sensitive,231
Tier 3: Med-High NO2,Sensitive,169
Tier 3: Med-High NO2,Sensitive,150
Tier 4: High NO2,Residential,233
Tier 4: High NO2,Residential,114
Tier 4: High NO2,Residential,129
Tier 4: High NO2,Residential,118
Tier 4: High NO2,Residential,176
Tier 4: High NO2,Residential,175
Tier 4: High NO2,Residential,110
Tier 4: High NO2,Residential,156
Tier 4: High NO2,Residential,331
Tier 4: High NO2,Residential,209
Tier 4: High NO2,Residential,210
Tier 4: High NO2,Residential,157
Tier 4: High NO2,Residential,222
Tier 4: High NO2,Residential,182.6333
Tier 4: High NO2,Residential,262
Tier 4: High NO2,Industrial,250
Tier 4: High NO2,Industrial,225.5
Tier 4: High NO2,Industrial,214
Tier 4: High NO2,Industrial,151
Tier 4: High NO2,Industrial,129
Tier 4: High NO2,Industrial,258.5
Tier 4: High NO2,Industrial,231
Tier 4: High NO2,Industrial,228.5
Tier 4: High NO2,Industrial,263
Tier 4: High NO2,Industrial,230
Tier 4: High NO2,Industrial,144
Tier 4: High NO2,Industrial,277
Tier 4: High NO2,Industrial,140
Tier 4: High NO2,Industrial,218
Tier 4: High NO2,Industrial,191
Tier 4: High NO2,Sensitive,220
Tier 4: High NO2,Sensitive,193
Tier 4: High NO2,Sensitive,352
Tier 4: High NO2,Sensitive,296
Tier 4: High NO2,Sensitive,200
Tier 4: High NO2,Sensitive,257
Tier 4: High NO2,Sensitive,396
Tier 4: High NO2,Sensitive,531
Tier 4: High NO2,Sensitive,262
Tier 4: High NO2,Sensitive,317
Tier 4: High NO2,Sensitive,254
Tier 4: High NO2,Sensitive,96
Tier 4: High NO2,Sensitive,276
Tier 4: High NO2,Sensitive,294
Tier 4: High NO2,Sensitive,601