SO2_Tier,Season,Value
Tier 1: Low SO2,Season 1: Monsoon,240.0
Tier 1: Low SO2,Season 1: Monsoon,102.0
Tier 1: Low SO2,Season 1: Monsoon,119.0
Tier 1: Low SO2,Season 1: Monsoon,41.0
Tier 1: Low SO2,Season 1: Monsoon,179.0
Tier 1: Low SO2,Season 1: Monsoon,357.0
Tier 1: Low SO2,Season 1: Monsoon,76.0
Tier 1: Low SO2,Season 1: Monsoon,50.0
Tier 1: Low SO2,Season 1: Monsoon,153.0
Tier 1: Low SO2,Season 1: Monsoon,86.0
Tier 1: Low SO2,Season 2: Summer,124.0
Tier 1: Low SO2,Season 2: Summer,26.0
Tier 1: Low SO2,Season 2: Summer,47.0
Tier 1: Low SO2,Season 2: Summer,172.0
Tier 1: Low SO2,Season 2: Summer,300.0
Tier 1: Low SO2,Season 2: Summer,49.0
Tier 1: Low SO2,Season 2: Summer,33.0
Tier 1: Low SO2,Season 2: Summer,67.0
Tier 1: Low SO2,Season 2: Summer,188.0
Tier 1: Low SO2,Season 2: Summer,173.0
Tier 1: Low SO2,Season 3: Winter,168.0
Tier 1: Low SO2,Season 3: Winter,120.0
Tier 1: Low SO2,Season 3: Winter,131.0
Tier 1: Low SO2,Season 3: Winter,293.0
Tier 1: Low SO2,Season 3: Winter,55.0
Tier 1: Low SO2,Season 3: Winter,112.0
Tier 1: Low SO2,Season 3: Winter,220.0
Tier 1: Low SO2,Season 3: Winter,173.0
Tier 1: Low SO2,Season 3: Winter,116.0
Tier 1: Low SO2,Season 3: Winter,288.0
Tier 2: Mid SO2,Season 1: Monsoon,110.0
Tier 2: Mid SO2,Season 1: Monsoon,133.0
Tier 2: Mid SO2,Season 1: Monsoon,201.0
Tier 2: Mid SO2,Season 1: Monsoon,177.0
Tier 2: Mid SO2,Season 1: Monsoon,160.0
Tier 2: Mid SO2,Season 1: Monsoon,132.0
Tier 2: Mid SO2,Season 1: Monsoon,19.0
Tier 2: Mid SO2,Season 1: Monsoon,186.1
Tier 2: Mid SO2,Season 1: Monsoon,113.0
Tier 2: Mid SO2,Season 1: Monsoon,123.0
Tier 2: Mid SO2,Season 2: Summer,144.0
Tier 2: Mid SO2,Season 2: Summer,183.0
Tier 2: Mid SO2,Season 2: Summer,212.0
Tier 2: Mid SO2,Season 2: Summer,135.0
Tier 2: Mid SO2,Season 2: Summer,151.0
Tier 2: Mid SO2,Season 2: Summer,163.0
Tier 2: Mid SO2,Season 2: Summer,107.0
Tier 2: Mid SO2,Season 2: Summer,208.0
Tier 2: Mid SO2,Season 2: Summer,207.0
Tier 2: Mid SO2,Season 2: Summer,187.0
Tier 2: Mid SO2,Season 3: Winter,157.0
Tier 2: Mid SO2,Season 3: Winter,121.0
Tier 2: Mid SO2,Season 3: Winter,143.0
Tier 2: Mid SO2,Season 3: Winter,198.0
Tier 2: Mid SO2,Season 3: Winter,133.0
Tier 2: Mid SO2,Season 3: Winter,273.0
Tier 2: Mid SO2,Season 3: Winter,199.0
Tier 2: Mid SO2,Season 3: Winter,195.0
Tier 2: Mid SO2,Season 3: Winter,102.0
Tier 2: Mid SO2,Season 3: Winter,236.0
Tier 3: High SO2,Season 1: Monsoon,177.0
Tier 3: High SO2,Season 1: Monsoon,44.0
Tier 3: High SO2,Season 1: Monsoon,270.5
Tier 3: High SO2,Season 1: Monsoon,253.5
Tier 3: High SO2,Season 1: Monsoon,44.0
Tier 3: High SO2,Season 1: Monsoon,56.0
Tier 3: High SO2,Season 1: Monsoon,147.0
Tier 3: High SO2,Season 1: Monsoon,160.0
Tier 3: High SO2,Season 1: Monsoon,33.0
Tier 3: High SO2,Season 1: Monsoon,251.5
Tier 3: High SO2,Season 2: Summer,209.0
Tier 3: High SO2,Season 2: Summer,205.0
Tier 3: High SO2,Season 2: Summer,194.0
Tier 3: High SO2,Season 2: Summer,64.0
Tier 3: High SO2,Season 2: Summer,138.0
Tier 3: High SO2,Season 2: Summer,160.0
Tier 3: High SO2,Season 2: Summer,205.0
Tier 3: High SO2,Season 2: Summer,251.5
Tier 3: High SO2,Season 2: Summer,193.0
Tier 3: High SO2,Season 2: Summer,147.0
Tier 3: High SO2,Season 3: Winter,276.0
Tier 3: High SO2,Season 3: Winter,156.0
Tier 3: High SO2,Season 3: Winter,177.5
Tier 3: High SO2,Season 3: Winter,211.0
Tier 3: High SO2,Season 3: Winter,210.0
Tier 3: High SO2,Season 3: Winter,188.0
Tier 3: High SO2,Season 3: Winter,233.0
Tier 3: High SO2,Season 3: Winter,166.0
Tier 3: High SO2,Season 3: Winter,113.0
Tier 3: High SO2,Season 3: Winter,87.0
