City,Location,Value
Kanpur,Industrial Area,198.0
Kanpur,Industrial Area,198.0
Kanpur,Industrial Area,191.0
Kanpur,Industrial Area,212.0
Kanpur,Industrial Area,205.0
Kanpur,"Residential, Rural and other Areas",50.0
Kanpur,"Residential, Rural and other Areas",34.0
Kanpur,"Residential, Rural and other Areas",258.0
Kanpur,"Residential, Rural and other Areas",147.0
Kanpur,"Residential, Rural and other Areas",192.0
Lucknow,Industrial Area,163.0
Lucknow,Industrial Area,191.0
Lucknow,Industrial Area,212.0
Lucknow,Industrial Area,219.0
Lucknow,Industrial Area,225.0
Lucknow,"Residential, Rural and other Areas",181.0
Lucknow,"Residential, Rural and other Areas",189.0
Lucknow,"Residential, Rural and other Areas",183.0
Lucknow,"Residential, Rural and other Areas",209.0
Lucknow,"Residential, Rural and other Areas",159.0
Mathura,Industrial Area,209.0
Mathura,Industrial Area,169.0
Mathura,Industrial Area,164.0
Mathura,Industrial Area,252.0
Mathura,Industrial Area,236.0
Mathura,"Residential, Rural and other Areas",192.0
Mathura,"Residential, Rural and other Areas",200.0
Mathura,"Residential, Rural and other Areas",145.0
Mathura,"Residential, Rural and other Areas",193.0
Mathura,"Residential, Rural and other Areas",141.0
Khurja,Industrial Area,182.0
Khurja,Industrial Area,174.0
Khurja,Industrial Area,182.0
Khurja,Industrial Area,179.0
Khurja,Industrial Area,172.0
Khurja,"Residential, Rural and other Areas",152.0
Khurja,"Residential, Rural and other Areas",160.0
Khurja,"Residential, Rural and other Areas",163.0
Khurja,"Residential, Rural and other Areas",161.0
Khurja,"Residential, Rural and other Areas",158.0
Rai Bareilly,Industrial Area,193.7
Rai Bareilly,Industrial Area,200.1
Rai Bareilly,Industrial Area,95.4
Rai Bareilly,Industrial Area,173.8
Rai Bareilly,Industrial Area,106.7
Rai Bareilly,"Residential, Rural and other Areas",189.9
Rai Bareilly,"Residential, Rural and other Areas",150.0
Rai Bareilly,"Residential, Rural and other Areas",82.4
Rai Bareilly,"Residential, Rural and other Areas",87.6
Rai Bareilly,"Residential, Rural and other Areas",177.3
Unnao,Industrial Area,157.0
Unnao,Industrial Area,107.0
Unnao,Industrial Area,147.0
Unnao,Industrial Area,131.0
Unnao,Industrial Area,137.0
Unnao,"Residential, Rural and other Areas",156.0
Unnao,"Residential, Rural and other Areas",111.0
Unnao,"Residential, Rural and other Areas",154.0
Unnao,"Residential, Rural and other Areas",99.0
Unnao,"Residential, Rural and other Areas",167.0
