NO2_Tier,Season,Value
Tier 1: Low NO2,Season 1: Monsoon,41.0
Tier 1: Low NO2,Season 1: Monsoon,189.0
Tier 1: Low NO2,Season 1: Monsoon,51.0
Tier 1: Low NO2,Season 1: Monsoon,163.0
Tier 1: Low NO2,Season 1: Monsoon,228.0
Tier 1: Low NO2,Season 1: Monsoon,178.0
Tier 1: Low NO2,Season 1: Monsoon,87.3
Tier 1: Low NO2,Season 1: Monsoon,79.0
Tier 1: Low NO2,Season 1: Monsoon,126.0
Tier 1: Low NO2,Season 1: Monsoon,49.0
Tier 1: Low NO2,Season 2: Summer,200
Tier 1: Low NO2,Season 2: Summer,97
Tier 1: Low NO2,Season 2: Summer,120
Tier 1: Low NO2,Season 2: Summer,112
Tier 1: Low NO2,Season 2: Summer,182
Tier 1: Low NO2,Season 2: Summer,105
Tier 1: Low NO2,Season 2: Summer,129
Tier 1: Low NO2,Season 2: Summer,134
Tier 1: Low NO2,Season 2: Summer,111
Tier 1: Low NO2,Season 2: Summer,170
Tier 1: Low NO2,Season 3: Winter,157.0
Tier 1: Low NO2,Season 3: Winter,267.0
Tier 1: Low NO2,Season 3: Winter,144.26
Tier 1: Low NO2,Season 3: Winter,172.0
Tier 1: Low NO2,Season 3: Winter,39.0
Tier 1: Low NO2,Season 3: Winter,129.0
Tier 1: Low NO2,Season 3: Winter,173.0
Tier 1: Low NO2,Season 3: Winter,268.0
Tier 1: Low NO2,Season 3: Winter,200.0
Tier 1: Low NO2,Season 3: Winter,27.0
Tier 2: Med-Low NO2,Season 1: Monsoon,154.0
Tier 2: Med-Low NO2,Season 1: Monsoon,51.0
Tier 2: Med-Low NO2,Season 1: Monsoon,82.0
Tier 2: Med-Low NO2,Season 1: Monsoon,94.0
Tier 2: Med-Low NO2,Season 1: Monsoon,97.0
Tier 2: Med-Low NO2,Season 1: Monsoon,36.0
Tier 2: Med-Low NO2,Season 1: Monsoon,216.0467
Tier 2: Med-Low NO2,Season 1: Monsoon,39.0
Tier 2: Med-Low NO2,Season 1: Monsoon,112.0
Tier 2: Med-Low NO2,Season 1: Monsoon,138.0
Tier 2: Med-Low NO2,Season 2: Summer,117
Tier 2: Med-Low NO2,Season 2: Summer,158
Tier 2: Med-Low NO2,Season 2: Summer,141
Tier 2: Med-Low NO2,Season 2: Summer,197
Tier 2: Med-Low NO2,Season 2: Summer,150
Tier 2: Med-Low NO2,Season 2: Summer,115
Tier 2: Med-Low NO2,Season 2: Summer,151
Tier 2: Med-Low NO2,Season 2: Summer,218
Tier 2: Med-Low NO2,Season 2: Summer,137
Tier 2: Med-Low NO2,Season 2: Summer,85
Tier 2: Med-Low NO2,Season 3: Winter,287.0
Tier 2: Med-Low NO2,Season 3: Winter,198.0
Tier 2: Med-Low NO2,Season 3: Winter,111.0
Tier 2: Med-Low NO2,Season 3: Winter,157.0
Tier 2: Med-Low NO2,Season 3: Winter,169.0
Tier 2: Med-Low NO2,Season 3: Winter,157.0
Tier 2: Med-Low NO2,Season 3: Winter,211.0
Tier 2: Med-Low NO2,Season 3: Winter,130.16
Tier 2: Med-Low NO2,Season 3: Winter,344.0
Tier 2: Med-Low NO2,Season 3: Winter,103.0
Tier 3: Med-High NO2,Season 1: Monsoon,207
Tier 3: Med-High NO2,Season 1: Monsoon,140
Tier 3: Med-High NO2,Season 1: Monsoon,158
Tier 3: Med-High NO2,Season 1: Monsoon,140
Tier 3: Med-High NO2,Season 1: Monsoon,176
Tier 3: Med-High NO2,Season 1: Monsoon,139
Tier 3: Med-High NO2,Season 1: Monsoon,182
Tier 3: Med-High NO2,Season 1: Monsoon,138
Tier 3: Med-High NO2,Season 1: Monsoon,159
Tier 3: Med-High NO2,Season 1: Monsoon,178
Tier 3: Med-High NO2,Season 2: Summer,104
Tier 3: Med-High NO2,Season 2: Summer,157
Tier 3: Med-High NO2,Season 2: Summer,202
Tier 3: Med-High NO2,Season 2: Summer,195
Tier 3: Med-High NO2,Season 2: Summer,185
Tier 3: Med-High NO2,Season 2: Summer,156
Tier 3: Med-High NO2,Season 2: Summer,172
Tier 3: Med-High NO2,Season 2: Summer,147
Tier 3: Med-High NO2,Season 2: Summer,154
Tier 3: Med-High NO2,Season 2: Summer,195
Tier 3: Med-High NO2,Season 3: Winter,268
Tier 3: Med-High NO2,Season 3: Winter,141
Tier 3: Med-High NO2,Season 3: Winter,144
Tier 3: Med-High NO2,Season 3: Winter,149
Tier 3: Med-High NO2,Season 3: Winter,163
Tier 3: Med-High NO2,Season 3: Winter,183
Tier 3: Med-High NO2,Season 3: Winter,108
Tier 3: Med-High NO2,Season 3: Winter,103
Tier 3: Med-High NO2,Season 3: Winter,162
Tier 3: Med-High NO2,Season 3: Winter,209
Tier 4: High NO2,Season 1: Monsoon,204.0
Tier 4: High NO2,Season 1: Monsoon,194.0
Tier 4: High NO2,Season 1: Monsoon,137.0
Tier 4: High NO2,Season 1: Monsoon,116.0
Tier 4: High NO2,Season 1: Monsoon,188.5
Tier 4: High NO2,Season 1: Monsoon,131.0
Tier 4: High NO2,Season 1: Monsoon,201.0
Tier 4: High NO2,Season 1: Monsoon,140.0
Tier 4: High NO2,Season 1: Monsoon,137.0
Tier 4: High NO2,Season 1: Monsoon,215.0
Tier 4: High NO2,Season 2: Summer,264.0
Tier 4: High NO2,Season 2: Summer,247.0
Tier 4: High NO2,Season 2: Summer,125.0
Tier 4: High NO2,Season 2: Summer,198.0
Tier 4: High NO2,Season 2: Summer,137.0
Tier 4: High NO2,Season 2: Summer,119.0
Tier 4: High NO2,Season 2: Summer,186.0
Tier 4: High NO2,Season 2: Summer,231.0
Tier 4: High NO2,Season 2: Summer,58.0
Tier 4: High NO2,Season 2: Summer,204.5
Tier 4: High NO2,Season 3: Winter,266.5
Tier 4: High NO2,Season 3: Winter,248.5
Tier 4: High NO2,Season 3: Winter,67.0
Tier 4: High NO2,Season 3: Winter,128.0
Tier 4: High NO2,Season 3: Winter,268.5
Tier 4: High NO2,Season 3: Winter,113.0
Tier 4: High NO2,Season 3: Winter,330.0
Tier 4: High NO2,Season 3: Winter,220.0
Tier 4: High NO2,Season 3: Winter,353.0
Tier 4: High NO2,Season 3: Winter,114.0
